<?xml version="1.0" encoding="UTF-8" ?>
<!DOCTYPE generatorConfiguration PUBLIC "-//mybatis.org//DTD MyBatis Generator Configuration 1.0//EN"
	"http://mybatis.org/dtd/mybatis-generator-config_1_0.dtd" >
<generatorConfiguration>

	<!-- jdbc路径 -->
	<classPathEntry
		location="lib/mysql-connector-java-5.1.36.jar" />
	<context id="context" targetRuntime="MyBatis3">
			<property name="beginningDelimiter" value="`"/>
			<property name="endingDelimiter" value="`"/>
		<commentGenerator type="org.mybatis.generator.internal.DefaultCommentGenerator">
			<!-- 数据库表注释生成-->
			<property name="javaFileEncoding" value="UTF-8" />
			<!-- 是否去除自动生成的注释 true：是 ： false:否 -->
			<property name="suppressAllComments" value="true" />
			<property name="suppressDate" value="true" />
		</commentGenerator>

		<!-- 请填写connectionURL、userId、password -->
		<jdbcConnection driverClass="com.mysql.jdbc.Driver"
			connectionURL="jdbc:mysql://139.199.8.134/gls_test?characterEncoding=utf8" userId="geluosi"
			password="sbbGLS_4dmin777" />
<!-- 		<jdbcConnection driverClass="com.mysql.jdbc.Driver" -->
<!-- 			connectionURL="jdbc:mysql://127.0.0.1/test?characterEncoding=utf8" userId="root" -->
<!-- 			 /> -->
		
		<javaTypeResolver>
			<!-- mybatis里专门用来处理NUMERIC和DECIMAL类型的策略 -->
			<property name="forceBigDecimals" value="true" />
		</javaTypeResolver>
		
		<!-- 生成持久化对象 -->
		<!--  com.gls.pojo.b2f  -->
		<!--  com.gls.api.pojo -->
		<!--  com.gls.pojo.storeonline -->
<!-- 		<javaModelGenerator targetPackage="com.gls.pojo" -->
<!-- 		<javaModelGenerator targetPackage="com.gls.glsserver.pojo" -->
<!-- 		<javaModelGenerator targetPackage="com.ar.api.pojo" -->
		<javaModelGenerator targetPackage="com.platform.basement.bean"
			targetProject="src">
			<property name="enableSubPackages" value="true" />
			<property name="trimStrings" value="true" />
		</javaModelGenerator>

		<!-- 生成mapper.xml文件 -->
		<!-- com.gls.dao.mapper -->
		<!-- com.gls.api.dao.mapper -->
<!-- 		<sqlMapGenerator targetPackage="com.gls.dao.mapper" -->
<!-- 		<sqlMapGenerator targetPackage="com.gls.glsserver.dao.mapper" -->
<!-- 		<sqlMapGenerator targetPackage="com.ar.api.dao.mapper" -->
		<sqlMapGenerator targetPackage="mapper"
			targetProject="src" >
			<property name="enableSubPackages" value="true" />
		</sqlMapGenerator>

		<!-- 生成Mapper接口 -->
		<!-- com.gls.dao.storeonline -->
		<!-- com.gls.dao.b2f -->
		<!-- com.gls.api.dao -->
<!-- 		<javaClientGenerator targetPackage="com.gls.api.dao" -->
<!-- 		<javaClientGenerator targetPackage="com.gls.glsserver.dao" -->
		<javaClientGenerator targetPackage="com.platform.basement.service"
			targetProject="src" type="XMLMAPPER">
			<property name="enableSubPackages" value="true" />
		</javaClientGenerator>

		<!--生成对应表及类名-->
		
		<!--store online -->
		<table tableName="gls_port"   delimitIdentifiers="true" delimitAllColumns="true" domainObjectName="Port" enableCountByExample="false" enableUpdateByExample="false" enableDeleteByExample="false" enableSelectByExample="false" selectByExampleQueryId="false">
			<generatedKey column="id" sqlStatement="MYSQL" identity="true"/>
		</table>
		
	</context>
</generatorConfiguration>
